COUNTRY,GOVERNMENT,POPULATION,AGE25PROP,AGEMEDIAN,AGE55PROP,POPDENSITY,GDP2019,INFANTMORT,DOC10,VAXRATE,HEALTHCARE_BASIS,HEALTHCARE_COST,DEATHRATE
Country1,LEFT,45.3522723,13.59335802,34.64537129,33.45689986,498.080991,22.57267926,16.26391773,22.57577054,39.49819006,INSURANCE,4759.117236,21.65104475
Country2,LEFT,45.08909852,17.85335842,NA,36.45560462,502.04048,22.68891847,14.23525026,24.0583818,35.2070913,PRIVATE,15281.15507,27.3173219
Country3,LEFT,80.19653304,11.27725748,34.64418495,34.43306411,493.8851338,57.99140875,17.7389792,24.65601864,61.57626386,FREE,NA,17.29213572
Country4,RIGHT,7.800894313,16.95537408,NA,32.46770247,505.5077521,56.41513595,NA,NA,NA,INSURANCE,5009.487444,16.67517042
Country5,UNSTABLE,37.51580783,15.08856411,NA,33.05274446,492.3767252,57.37041639,15.2105873,26.60366207,60.57948222,FREE,NA,25.24166498
Country6,UNSTABLE,34.06739147,16.23955126,34.77339422,30.26198947,511.0807802,58.05784005,14.0065935,21.88978349,-99,FREE,NA,29.98011134
Country7,LEFT,185.947299,16.97791268,NA,38.26336624,493.0798147,60.60280586,14.98587549,22.88021285,62.32694639,INSURANCE,5324.495761,14.63844704
Country8,RIGHT,35.14859574,15.42629706,33.91057888,36.6075974,487.6794051,54.58988056,12.34910952,21.2748233,63.91424053,FREE,NA,9.815090694
Country9,LEFT,11.85917484,9.577711968,NA,-99,NA,22.21835681,16.34334043,-99,-99,PRIVATE,15539.12745,22.24282025
Country10,LEFT,19.7393459,14.00549486,NA,34.73480191,495.8241112,48.92616803,14.74475939,24.07279746,62.55289065,PRIVATE,14915.09189,15.43417063
Country11,LEFT,1.488801221,11.54506346,NA,34.81931705,NA,53.81191024,NA,19.99028529,NA,INSURANCE,4862.828826,12.50168996
Country12,RIGHT,63.50837264,17.91940424,NA,38.52354723,509.5999079,52.40606579,13.00506297,23.80118597,59.63491573,INSURANCE,5347.819112,24.42807558
Country13,LEFT,NA,13.12347066,NA,30.63355801,NA,54.78182954,14.21890151,NA,66.04164693,FREE,NA,12.02875689
Country14,RIGHT,NA,18.68446783,35.25100745,35.4720811,501.4727233,NA,NA,21.5506755,63.36446058,PRIVATE,14951.71823,14.12355881
Country15,LEFT,57.11680326,10.36569024,32.55419577,33.54854467,496.4694004,53.76417566,16.05647524,19.92618066,63.6053406,INSURANCE,5037.348076,10.79554588
Country16,LEFT,9.496273223,12.33217492,NA,35.6675563,NA,57.84852226,NA,NA,60.16157334,FREE,NA,24.75364336
Country17,LEFT,25.13308235,20.48752814,NA,39.78869729,506.9885836,58.4863858,11.02345932,21.35136818,63.94734512,INSURANCE,4914.87007,18.86793846
Country18,RIGHT,29.16896013,19.23011391,NA,39.69338065,493.7458386,61.26558633,12.68086064,20.41164905,59.44616708,INSURANCE,5077.980616,13.21922194
Country19,UNSTABLE,35.37898901,18.70969605,NA,37.25762878,473.2032853,61.45032977,11.3245136,22.01208481,17,PRIVATE,14715.77015,15.97747137
Country20,UNSTABLE,29.99436711,12.81198907,32.68295712,33.11414954,500.5571639,60.84535234,16.47316261,26.57707266,48.88699183,INSURANCE,5196.970824,34.12383803
Country21,RIGHT,NA,12.92920185,34.58923198,36.92095159,505.3202423,63.96614962,NA,NA,51.53826778,INSURANCE,4875.223239,26.06311382
Country22,UNSTABLE,20.00149228,14.0653105,32.68968425,31.30684248,512.9931534,55.84103292,15.62685426,23.09843218,66.13503279,INSURANCE,5070.501817,29.50093008
Country23,LEFT,NA,15.91828556,NA,-99,500.2207445,56.65665011,17.10263999,-99,-99,INSURANCE,4943.095144,27.77946067
Country24,LEFT,106.5070561,14.15852554,NA,35.93356965,506.1779903,57.62412236,13.50030346,21.44724265,17,FREE,NA,19.70412953
Country25,LEFT,94.6819223,17.64471702,33.61358047,34.45425887,486.8524613,52.88840934,10.39334936,21.15050547,63.31671194,FREE,NA,9.892890812
Country26,RIGHT,22.7445167,13.7591718,31.26201668,37.12392572,503.8959614,15.67554597,13.22058255,25.73634144,36.29923478,INSURANCE,4616.745405,30.08315039
Country27,UNSTABLE,20.25475806,14.93641862,NA,34.80479565,488.7187961,68.86708214,14.36778838,19.39128197,56.93420165,INSURANCE,4935.916026,18.04841333
Country28,AUTOCRATIC,NA,NA,NA,NA,NA,NA,NA,23.10945367,57.74555255,NA,NA,32.12256849
Country29,UNSTABLE,18.95063576,15.83687113,35.39417786,38.88831575,502.778954,50.21657528,13.102544,22.61069809,63.45407001,FREE,NA,31.11996263
Country30,RIGHT,111.3191862,14.25469643,NA,33.9781856,501.5853929,20.39466104,14.90457628,23.06659062,37.27559625,INSURANCE,4957.634713,22.2249832
Country31,RIGHT,NA,16.14448731,35.97084099,NA,512.9585929,58.92755542,14.7749259,21.77205119,NA,PRIVATE,14626.51268,22.6316081
Country32,UNSTABLE,46.58973105,15.57546805,32.56349952,34.01333093,502.5456447,52.21768542,10.1485368,15.71805864,67.20198777,INSURANCE,5088.974229,16.92693334
Country33,LEFT,54.55120391,15.45664015,36.23155297,33.34560236,513.210338,56.55771781,13.19396027,20.45330578,60.51531847,FREE,NA,18.94223912
Country34,AUTOCRATIC,2.851408119,12.75796108,NA,36.2475697,NA,59.0378708,16.97902281,NA,NA,INSURANCE,5140.968662,27.5553798
Country35,RIGHT,32.91266122,19.33772647,36.25921205,41.88543528,505.4714446,55.12678451,12.10860448,24.45296521,62.07900358,INSURANCE,5207.495191,23.65134501
Country36,RIGHT,63.0168149,15.52089442,NA,31.97017416,489.4058573,54.25604621,12.87649408,20.99467417,62.50537712,PRIVATE,14613.49735,8.131306483
Country37,RIGHT,75.63663084,18.28222941,36.30749769,36.46843474,499.6079045,57.74202468,13.14034877,25.89817883,60.73975192,INSURANCE,4839.913553,22.28623673
Country38,RIGHT,96.60280678,14.21117385,NA,34.16241765,497.8936304,50.02541928,13.09578833,22.38933392,63.95839516,INSURANCE,5112.138796,13.9891834
Country39,LEFT,232.488105,16.36724622,35.26101556,35.03507623,495.8227051,58.48851416,13.01033359,22.01733831,61.60006087,FREE,NA,15.33365433
Country40,UNSTABLE,NA,13.33633052,33.82138205,-99,501.6972384,53.36107375,14.90523425,-99,-99,PRIVATE,14679.44055,25.39921533
Country41,LEFT,18.43712314,17.58961574,35.76553131,31.76181182,510.4814302,52.14936464,12.82635772,23.2286417,62.61753458,INSURANCE,5047.151965,17.48928391
Country42,RIGHT,23.57301421,16.37956106,NA,31.99166207,508.2903885,51.82288973,11.99358596,25.90377026,56.61251015,INSURANCE,4853.509664,24.71387826
Country43,LEFT,NA,12.42285508,NA,-99,487.883456,56.51697833,17.13240312,-99,-99,PRIVATE,14391.39263,17.67723775
Country44,LEFT,25.17754743,13.06629059,32.45900651,34.95796028,501.026423,59.32449858,16.53997065,23.02595639,60.08763367,INSURANCE,5122.410048,18.59175209
Country45,RIGHT,31.55555043,13.43004969,NA,36.50538639,489.9224068,54.01295525,14.24582509,20.89936714,65.61356731,INSURANCE,4887.406618,8.124524522
Country46,UNSTABLE,172.3200051,13.88597926,NA,31.19053231,520.7336618,51.89538076,11.99951223,20.74048483,60.6735229,INSURANCE,4810.188002,31.4974072
Country47,UNSTABLE,59.98571926,15.90086012,36.70747671,38.67652502,503.2959382,55.63461883,13.39102154,22.98815906,57.08920219,FREE,NA,32.71077137
Country48,LEFT,285.1776773,16.54695806,NA,36.80829595,488.8210895,61.73877012,15.48235376,23.68123625,58.61999657,INSURANCE,4980.825786,14.76993465
Country49,RIGHT,4.585202787,16.37498793,NA,38.10329614,NA,NA,12.85657764,NA,59.69238019,INSURANCE,4994.176518,19.66576769
Country50,RIGHT,11.5018817,16.22872328,34.21496965,35.18168633,NA,53.8116856,NA,NA,58.90667817,PRIVATE,14815.46523,13.33831036
Country51,UNSTABLE,18.92606554,14.0313643,NA,32.45795513,495.4515227,54.28434662,14.42237199,25.70346571,55.67865542,INSURANCE,4875.761951,29.48600654
Country52,UNSTABLE,42.21776267,19.01311186,35.48678758,39.70275504,501.7057147,57.37875958,11.36523179,23.02946825,59.88347586,INSURANCE,5529.477433,34.11579743
Country53,--,12.17190378,-99,35.09215622,NA,NA,60.00899015,NA,NA,64.96941714,FREE,NA,18.8542927
Country54,RIGHT,14.57253735,14.39253343,NA,NA,NA,56.06643207,15.49615558,24.64275605,NA,INSURANCE,5089.625075,21.30368765
Country55,LEFT,40.51052918,11.74104191,33.68341397,33.57632967,492.2934804,58.97433465,15.31570575,21.33658964,56.1438852,INSURANCE,4986.424875,10.41075016
Country56,RIGHT,NA,15.57161143,NA,NA,499.2288143,48.31452192,13.3629003,NA,65.84174868,PRIVATE,15464.93061,13.22725007
Country57,LEFT,16.54493292,NA,NA,NA,505.1012779,47.9122744,9.146672593,NA,62.8799289,INSURANCE,5110.607787,16.94601452
Country58,RIGHT,NA,13.58698214,NA,39.21356666,NA,61.2891427,NA,22.63026286,63.30365854,INSURANCE,4958.26506,20.12662726
Country59,RIGHT,70.10674157,18.31742567,NA,34.52600746,497.495399,50.37754739,10.54530364,22.46432769,60.79666535,FREE,NA,16.5888903
Country60,UNSTABLE,191.9005326,16.45282082,NA,34.47608369,481.7337457,62.00532629,12.30848496,21.65138325,55.98138247,INSURANCE,4663.280215,18.1383658
Country61,UNSTABLE,4.363971303,18.18808606,33.95342863,-99,NA,60.74952372,NA,-99,-99,FREE,NA,32.86751293
Country62,UNSTABLE,46.56317536,17.60210831,35.73997452,34.04763218,494.441733,54.15404602,12.50187485,22.60808573,61.61218403,INSURANCE,4993.410686,24.71367583
Country63,UNSTABLE,6.802494483,19.15086983,NA,NA,480.1998448,53.78661482,NA,NA,63.31661973,FREE,NA,17.05407728
Country64,AUTOCRATIC,44.1932133,13.54211269,NA,35.73804399,508.9004105,20.26020157,14.42588986,20.55213266,39.68980402,INSURANCE,4767.510379,29.78692737
Country65,RIGHT,106.9741824,12.79382543,NA,36.20461771,504.5677127,52.46092686,14.83528293,22.39815643,58.42589602,INSURANCE,4775.158677,19.30276621
Country66,UNSTABLE,6.631245249,16.15529456,32.55792859,34.79543817,NA,NA,NA,20.76408394,54.72327011,PRIVATE,14934.74055,16.90094973
Country67,UNSTABLE,140.1362894,12.77492185,NA,33.8510123,497.5823038,61.04463092,14.78979478,18.72008235,63.19815139,INSURANCE,4830.846092,20.87979539
Country68,LEFT,NA,13.61486861,NA,NA,510.2458341,55.19437711,12.90683057,NA,64.13998859,FREE,NA,16.70610152
Country69,UNSTABLE,85.20462781,21.62821546,NA,38.25864961,490.5681061,55.1329152,10.87854102,21.91564553,17,INSURANCE,5011.097801,23.99480398
Country70,UNSTABLE,15.04868717,12.06106195,NA,NA,NA,48.43840618,16.40611564,27.01561778,NA,INSURANCE,5166.076979,28.063069
Country71,UNSTABLE,59.19847272,15.78933606,33.91367948,35.3535202,497.6455845,55.10675844,14.67565272,25.51961249,65.42346936,PRIVATE,14887.55311,29.59426381
Country72,--,16.59274189,-99,NA,34.62626352,494.2817248,63.54234025,NA,NA,NA,INSURANCE,5123.236135,12.24372425
Country73,LEFT,82.63445833,16.96725328,NA,35.45149721,502.386642,56.54361626,10.83377185,21.54408606,57.59910499,FREE,NA,16.80931651
Country74,RIGHT,29.87218303,13.65975132,NA,32.31433054,503.1306475,57.96494126,14.32262973,22.06398749,57.11880905,FREE,NA,18.24833071
Country75,UNSTABLE,13.50856379,NA,NA,39.55773905,494.2855565,53.57728201,NA,NA,65.83303095,INSURANCE,4911.30565,30.41460991
Country76,RIGHT,3.420987438,NA,NA,NA,NA,NA,NA,26.33679706,NA,NA,NA,20.91372822
Country77,RIGHT,21.3604962,12.4359899,33.41477611,35.40305245,502.403934,55.32525404,13.44732757,21.5993547,58.09903634,INSURANCE,4963.960866,17.04202046
Country78,--,4.660097733,-99,32.65559083,NA,496.0767186,55.19251172,NA,NA,NA,INSURANCE,5218.810689,9.822760727
Country79,LEFT,17.00872273,14.3963234,NA,34.67243949,504.6179818,54.52877477,13.95061602,24.67785335,61.52669295,INSURANCE,5015.802533,20.25407842
Country80,RIGHT,45.43605035,19.62648355,NA,38.55756512,515.6939205,66.6165939,14.54960815,23.76732425,51.09094622,INSURANCE,5070.628511,29.38592601
Country81,LEFT,37.50031957,12.2102156,NA,34.90254441,491.5141732,53.6780917,14.21378996,22.17927019,61.17909982,INSURANCE,5210.92152,13.04595285
Country82,LEFT,36.56949732,11.65435578,NA,29.97182352,475.3946834,54.37625842,15.31932369,25.6276784,56.78917026,PRIVATE,15227.44775,7.701200434
Country83,LEFT,18.54169745,15.49425939,NA,35.29384013,493.5814188,57.9391607,14.59975489,20.83169763,59.43889583,INSURANCE,5385.699043,12.51822485
Country84,RIGHT,188.0951146,15.24586729,NA,39.66445524,504.3710684,50.99329023,14.28088284,26.61087825,63.90848488,INSURANCE,5116.056913,26.11764805
Country85,LEFT,536.915039,13.31680395,NA,34.13674485,493.3942355,23.51323059,14.65356747,27.72156191,26.91420369,INSURANCE,4992.256741,27.38995606
Country86,RIGHT,6.081757375,17.85567745,35.15284154,33.84445068,498.1215146,NA,10.56677778,NA,NA,FREE,NA,12.82327764
Country87,AUTOCRATIC,38.7422248,16.76534957,35.25404044,32.15822801,506.9730317,57.31840363,13.16131008,21.87118346,17,INSURANCE,5188.856637,24.5445154
Country88,UNSTABLE,23.63100776,14.999116,32.75905022,29.26722356,506.4448059,50.59471861,11.47863667,20.50585094,-99,INSURANCE,5204.687372,23.3706595
Country89,RIGHT,3.333176875,NA,NA,32.17684788,496.9301395,54.1849098,12.22447871,NA,NA,FREE,NA,15.34429701
Country90,LEFT,6.730690224,NA,30.26642563,-99,496.9955867,NA,13.00282001,-99,-99,PRIVATE,15479.83074,12.42919146
Country91,UNSTABLE,60.79247473,16.45962643,37.3983655,37.54150717,504.9845656,50.7558547,13.36691976,26.97601073,61.95803888,PRIVATE,15663.65779,36.0360305
Country92,RIGHT,24.22831964,14.18263403,NA,32.96329675,486.437281,60.33286295,14.26629123,22.59301963,56.90286846,PRIVATE,15852.84233,10.65053958
Country93,UNSTABLE,NA,14.26064891,NA,-99,504.0390983,53.88565651,NA,-99,-99,INSURANCE,4748.516472,29.32085868
Country94,UNSTABLE,17.53041145,12.61801071,NA,31.8632897,508.9722881,48.87924344,13.51535998,24.4112188,56.66832216,INSURANCE,5351.032714,33.03338417
Country95,AUTOCRATIC,101.8271998,12.23622678,NA,39.26869543,481.9171482,54.29788054,16.50829614,27.20807679,57.74350253,INSURANCE,4854.630512,25.78328621
Country96,LEFT,18.58539898,18.19657191,34.86258315,34.18298458,487.0263783,57.21272246,10.68810883,20.98767622,57.59303775,INSURANCE,4901.590036,7.350627928
Country97,UNSTABLE,49.98070038,16.00250312,NA,30.10520569,480.3306173,57.64226724,11.93867535,23.2733919,58.85660557,FREE,NA,14.5179155
Country98,LEFT,10.61543507,17.95295857,NA,34.85573309,504.9283707,NA,NA,NA,56.86251173,INSURANCE,5062.897415,15.02331181
Country99,LEFT,24.6019075,14.90120433,32.21946742,32.49956084,496.2587807,58.13653738,13.93060972,24.58447299,58.85112107,FREE,NA,17.32999467
Country100,LEFT,21.10427655,16.21381531,NA,34.87379731,498.0545354,50.59230738,11.72181738,22.64631801,60.6777622,INSURANCE,4829.5128,16.77679014
Country101,--,13.31212579,-99,NA,NA,NA,57.16910218,NA,29.2119591,NA,FREE,NA,25.66026214
Country102,UNSTABLE,230.0235156,17.28397768,37.40347183,32.80431081,506.6934186,55.08317019,11.85043703,21.67304452,60.72806238,FREE,NA,28.24886829
Country103,UNSTABLE,113.5756976,17.68811834,NA,34.16793075,496.6261869,58.51926585,13.08800593,23.27982702,58.93998214,FREE,NA,27.03482738
Country104,UNSTABLE,79.0623972,14.10616162,33.84268765,35.8160047,514.6790506,26.0920099,16.34718493,23.7799858,32.46049581,INSURANCE,4532.206968,41.04307142
Country105,RIGHT,29.64218725,15.25232727,NA,34.32828738,483.6420913,53.797803,11.96248035,26.48810429,57.59594249,INSURANCE,5212.521914,16.12913441
Country106,LEFT,76.69390924,16.06174899,31.91122817,32.85821595,496.6884918,55.51756585,14.3704079,23.96480093,62.50724082,INSURANCE,4924.699611,14.9641753
Country107,--,5.471928499,NA,NA,35.82885727,NA,19.92892796,NA,19.9980241,NA,FREE,NA,14.31856558
Country108,RIGHT,89.69151944,14.0812497,NA,29.95632183,503.2189115,52.84650694,15.8683576,27.34159985,59.96077251,INSURANCE,4763.013732,21.12251924
Country109,RIGHT,244.3117051,17.25444501,34.69504494,36.76332065,506.4785697,56.66928457,11.70460158,22.10422604,60.76236444,INSURANCE,5103.220684,21.14937288
Country110,UNSTABLE,NA,15.43240933,NA,-99,497.3515361,NA,NA,-99,-99,INSURANCE,5195.189317,25.40053096
Country111,RIGHT,18.49468608,13.77341352,NA,35.42511547,505.7303098,58.9445381,17.47158307,22.53343311,65.52554711,INSURANCE,4911.147621,18.44429916
Country112,--,1.611892857,-99,NA,NA,509.7840397,NA,NA,NA,52.00581511,PRIVATE,15965.06647,24.55809568
Country113,AUTOCRATIC,NA,16.11917359,NA,37.63938982,490.7628922,NA,NA,26.07458821,59.70751989,INSURANCE,4697.755042,27.34906368
Country114,AUTOCRATIC,19.6912516,12.05267245,29.53591738,31.65107407,491.5122777,50.58403891,14.86895668,25.04330612,63.11273851,FREE,NA,21.10843233
Country115,RIGHT,80.38346326,16.34931063,NA,34.10956677,497.1920712,20.94402878,13.43655685,20.82931518,34.58990441,INSURANCE,4746.04816,19.55382771
Country116,UNSTABLE,29.828264,15.30577422,33.49576297,33.17852051,493.9808655,56.00803248,13.08525203,20.17230517,58.71825629,INSURANCE,4925.735159,20.57234355
Country117,UNSTABLE,10.98285366,17.38757169,NA,38.80043055,497.4023873,NA,13.07920099,NA,NA,FREE,NA,27.27067073
Country118,UNSTABLE,16.92934767,NA,NA,NA,NA,NA,NA,22.15545343,-99,NA,4953.703506,24.02700221
Country119,UNSTABLE,18.09382306,11.97234879,NA,30.80819578,475.1447836,56.72345862,16.00187809,23.08409731,59.97180158,INSURANCE,4475.250069,14.26240132
Country120,UNSTABLE,6.62263044,NA,31.50767398,36.89120759,504.3495946,54.93158796,NA,22.33964022,NA,FREE,NA,29.96455516
Country121,--,11.9058973,-99,NA,NA,506.1395127,NA,NA,NA,34.5292414,INSURANCE,4933.765739,32.29402671
Country122,RIGHT,133.7032572,17.08085922,NA,36.92460006,510.8529045,19.51341166,12.49961352,23.69604098,37.40985588,INSURANCE,5170.554761,27.9379116
Country123,LEFT,8.776611057,14.58061324,35.00413781,33.49890064,NA,61.39115047,15.46100381,NA,NA,INSURANCE,5116.337677,13.53362941
Country124,LEFT,8.956462997,NA,36.79555566,32.47113746,490.8198101,NA,15.2629261,NA,59.85281173,INSURANCE,4990.86449,19.70710059
Country125,UNSTABLE,NA,13.01816426,NA,-99,NA,56.5391521,14.33883402,-99,-99,INSURANCE,4855.620284,33.47831363
Country126,LEFT,38.04338214,17.52064715,NA,36.73608503,517.7274038,53.53560476,12.08263676,23.67679999,60.31468547,INSURANCE,4757.493676,26.11655945
Country127,LEFT,46.11643222,17.02267236,33.63478395,36.17196867,494.1595638,27.38148221,13.36497657,21.54699065,30.45562538,INSURANCE,4934.285133,21.34743721
Country128,RIGHT,80.90875737,14.404967,32.01899429,31.20835317,486.9106213,48.99205876,10.78444092,22.4373169,61.44306976,INSURANCE,5005.708267,9.322400311
Country129,RIGHT,4.746375017,12.55153128,36.3784288,-99,489.8225032,51.39543348,NA,-99,-99,FREE,NA,16.08540961
Country130,RIGHT,27.42437839,13.07788067,30.35613304,31.02827793,488.6169908,55.69227942,11.80049092,23.15307571,56.41653555,INSURANCE,4981.953736,9.918592555
Country131,RIGHT,57.59008928,13.3712906,33.48795502,34.93597112,485.3076777,45.22795657,13.69220117,31.99057584,60.4609803,INSURANCE,4681.288442,20.45592721
Country132,UNSTABLE,18.47548306,14.91936474,35.33424008,34.26459471,506.8210072,54.27813709,12.91064982,20.83691302,57.16371378,PRIVATE,14972.76918,28.11911387
Country133,RIGHT,45.46609096,13.88455481,NA,35.49713822,502.0436032,58.67266456,15.70907089,26.06864273,55.13119918,INSURANCE,5062.928056,23.36999734
Country134,LEFT,7.164690632,12.49133796,33.29369561,NA,495.1376005,NA,15.68434742,21.35301049,NA,INSURANCE,5024.700628,12.9602823
Country135,UNSTABLE,24.39173773,16.09882971,NA,39.36900023,489.7834481,57.58541268,11.15652808,16.66923445,63.82418899,PRIVATE,15306.93329,20.23783726
Country136,RIGHT,27.50785048,16.97055097,37.81419321,32.48092379,496.0799888,52.88093626,13.99124624,21.05504883,62.23352864,INSURANCE,4530.452459,12.16139652
Country137,LEFT,NA,13.7355987,NA,34.20609113,507.8921759,57.43134655,NA,23.50207797,NA,INSURANCE,4956.111552,20.28471811
Country138,RIGHT,NA,15.46124366,NA,30.32657364,NA,NA,14.18571714,26.32463963,57.85369977,PRIVATE,14875.00178,16.39176291
Country139,LEFT,32.78856792,11.50670211,NA,37.87164222,500.4189415,53.80851697,15.13346448,21.01015266,64.4123486,PRIVATE,15269.13819,16.08290618
Country140,UNSTABLE,91.084932,13.08902021,NA,37.21792145,498.2722411,52.64445493,13.7002667,21.50299835,61.6346261,INSURANCE,5125.847663,27.93223723
Country141,LEFT,19.52183775,16.47590965,NA,30.46206593,481.4880323,57.58220177,14.76904007,25.69524519,58.96441533,INSURANCE,5262.557027,10.83411783
Country142,LEFT,14.6771159,NA,31.7883858,30.77436119,495.2897226,NA,NA,24.20568191,60.09821308,INSURANCE,5116.480155,14.403706
Country143,UNSTABLE,46.42636559,13.05865184,NA,33.78100929,488.6406686,56.33885952,15.84648455,24.87904722,55.63607767,PRIVATE,14426.86882,25.9590524
Country144,LEFT,NA,15.80207988,NA,-99,NA,56.77859555,13.66134578,-99,-99,PRIVATE,14487.78927,16.91627448
Country145,LEFT,NA,14.29448388,NA,NA,483.2747894,56.2523783,13.34716721,21.60237098,NA,FREE,NA,8.63944992
Country146,UNSTABLE,89.11457599,16.33997191,39.38980352,36.71130359,503.5274453,19.70699938,15.52123357,26.66873885,-99,INSURANCE,5062.704365,38.64073795
Country147,LEFT,29.09997442,18.44735519,34.30669141,39.38864525,489.5076202,53.46817797,12.17376291,21.53640012,67.08154903,INSURANCE,4931.114364,11.87694678
Country148,RIGHT,5.303402535,19.18117204,NA,NA,503.2755092,59.88450846,NA,NA,61.86843128,INSURANCE,4855.311025,14.09705702
Country149,UNSTABLE,32.8395838,14.53143196,38.58890694,34.64384291,496.3094349,57.6783861,15.09959122,24.3186032,59.465689,PRIVATE,14987.58428,28.29695317
Country150,LEFT,14.82446758,NA,NA,38.31705124,491.9123364,NA,14.9968453,24.19035385,NA,INSURANCE,5064.502963,17.39120325
Country151,AUTOCRATIC,67.27775636,17.69957725,NA,36.59085228,516.9466134,55.73242397,12.67539946,25.79489298,17,PRIVATE,15294.68876,35.73386855
Country152,LEFT,5.421539565,NA,32.98782301,35.59423003,512.5648892,NA,13.11803677,NA,57.740236,FREE,NA,21.70663006
Country153,RIGHT,NA,NA,33.48738383,-99,507.0039101,58.08754757,16.40232455,-99,-99,INSURANCE,5467.532081,25.02165423
Country154,LEFT,87.4561883,15.05406004,NA,39.58189605,488.6068815,60.23655583,12.73552754,20.15854504,57.82627649,PRIVATE,14801.16278,10.69598676
Country155,UNSTABLE,78.83351887,12.18281115,NA,36.16577219,495.1002558,60.63131805,16.43433405,19.13739146,-99,PRIVATE,15176.61076,19.86423088
Country156,LEFT,11.43202086,19.86909821,NA,NA,497.9021316,53.53775253,NA,NA,64.71866267,FREE,NA,6.671894744
Country157,RIGHT,51.75866545,14.06412383,NA,32.43867273,509.8210018,61.80087174,12.85321674,18.01586026,54.93635233,PRIVATE,14931.8853,15.8923379
Country158,UNSTABLE,1.987899971,NA,NA,NA,NA,57.2141197,14.88345633,26.5777438,63.67440447,INSURANCE,4820.729044,26.09774146
Country159,UNSTABLE,13.0108919,16.34384777,34.94086239,NA,NA,54.13442306,NA,23.64837393,57.74164557,INSURANCE,4938.330928,33.25859037
Country160,UNSTABLE,29.379114,16.45469511,NA,33.56271439,493.9783287,22.78577198,12.99029821,22.64341074,32.98465306,INSURANCE,5056.510758,29.28278454
Country161,RIGHT,45.08430556,16.46922456,NA,33.15480464,491.8391353,52.44125795,10.81013998,25.00274133,54.17882425,INSURANCE,5037.640322,17.95600291
Country162,RIGHT,191.0111335,17.26921694,34.67937208,36.30181845,492.0007706,55.8661767,13.35724999,23.12630488,63.31316925,PRIVATE,14465.9449,12.11571839
Country163,LEFT,9.742149792,12.64508363,NA,NA,515.3282227,53.3063122,15.61600243,NA,NA,INSURANCE,4910.094549,29.03114897
Country164,RIGHT,5.339250559,15.06203263,NA,30.50082886,503.9057747,NA,NA,NA,62.51584641,INSURANCE,5208.798544,16.5754247
Country165,UNSTABLE,34.74817941,15.70645014,37.24685705,30.76935415,511.4800572,54.51161519,16.47719423,29.86864073,58.54134221,INSURANCE,5025.415235,38.53666006
Country166,RIGHT,35.1168896,13.48658307,NA,30.53122426,506.2096602,61.35699659,13.1829835,20.29281155,56.17816254,INSURANCE,5078.459968,15.06322279
Country167,--,15.68963173,NA,31.87387284,34.67474249,498.5165825,57.66617267,NA,NA,17,FREE,NA,29.54862593
Country168,UNSTABLE,7.702576528,NA,NA,NA,NA,NA,NA,NA,57.78842566,NA,5110.392858,21.96586529
Country169,LEFT,61.70240947,15.11643607,36.6482236,33.10390087,499.0636428,53.17669604,15.71072395,25.9652995,61.02205461,INSURANCE,5171.852654,20.86949829
Country170,AUTOCRATIC,NA,NA,34.99265898,30.82515609,511.1522896,NA,13.54451595,21.86721148,59.33407511,FREE,NA,25.94772974
Country171,LEFT,17.44508418,10.08931499,NA,32.47139604,503.7327737,59.78322101,18.15607953,22.86942382,61.64441418,FREE,NA,18.73312732
Country172,AUTOCRATIC,70.48124345,19.31690504,36.62597268,34.32535915,512.1395411,53.96189498,11.65307938,20.02694278,60.36950817,FREE,NA,27.16701934
Country173,RIGHT,140.8399394,16.42394426,NA,37.64786483,494.7215638,52.01355049,14.54078186,25.51324218,61.45974085,INSURANCE,5166.208478,19.22994194
Country174,LEFT,42.92079317,17.9937903,NA,32.24415233,487.2584699,56.76174887,13.76468738,22.71746875,58.18432517,INSURANCE,4870.749973,11.09519522
Country175,LEFT,337.186278,12.159432,NA,33.78645797,494.9318926,51.67718333,14.61777172,22.78209119,62.45895717,INSURANCE,4719.111427,15.3557928
Country176,RIGHT,77.67428114,15.70060918,NA,36.31227802,491.2392166,56.59183249,12.97869776,20.23774126,60.88346044,INSURANCE,4554.481252,9.588446252
Country177,AUTOCRATIC,NA,16.52398785,NA,32.95952523,504.1438273,NA,NA,22.23971758,53.65043438,INSURANCE,4962.575858,26.16558155
Country178,RIGHT,18.5754047,13.96653014,NA,32.72306173,491.8420934,58.20352874,14.95560627,27.81932063,55.3482207,PRIVATE,15154.81781,17.54063789
Country179,AUTOCRATIC,65.18733772,16.99130101,NA,32.74500199,503.8164361,56.61937787,12.82077958,25.59240107,59.91230264,INSURANCE,4827.353376,26.07928662
Country180,--,13.73079103,-99,NA,-99,521.4690063,50.92361085,NA,-99,-99,INSURANCE,4816.175046,24.3994163
Country181,LEFT,NA,15.1423446,34.84147087,35.07122568,499.0240936,NA,14.68824684,NA,56.65968912,INSURANCE,5170.769406,17.50837388
Country182,RIGHT,48.557016,12.78118974,32.67635615,33.86150498,499.652712,51.16539118,15.64394081,26.52658112,60.67493682,PRIVATE,15014.3959,18.47501099
Country183,RIGHT,NA,NA,NA,-99,514.7982114,NA,12.69689608,-99,-99,PRIVATE,15203.01795,26.58804089
Country184,RIGHT,25.21774966,17.2421999,NA,37.86245362,501.7969586,60.94900467,13.83566126,22.33113042,55.84118889,INSURANCE,4961.588059,21.51209438
Country185,--,NA,NA,34.01317017,33.59075778,NA,62.13938332,NA,19.92448893,58.81332232,FREE,NA,10.10212234
Country186,LEFT,54.64452869,17.48092489,34.73699592,43.38735485,499.9140972,57.58954339,13.54370486,21.74839799,63.95507335,PRIVATE,15434.29389,19.64974654
Country187,RIGHT,15.35589058,NA,34.68158324,-99,512.1430352,60.92108465,12.61218967,-99,-99,FREE,NA,19.11980734
Country188,LEFT,17.64742553,14.05449933,32.84355621,36.0149317,488.3336477,60.54550299,16.06402432,24.38502174,62.02377018,FREE,NA,14.34753451
Country189,RIGHT,107.4294861,16.35674855,38.82243643,32.64668547,514.2663352,57.61696813,16.5414456,23.33197216,61.38897915,INSURANCE,5127.810379,22.83252251
Country190,UNSTABLE,50.0932333,11.48989511,32.97931381,35.17062998,509.9680278,57.26353036,14.31627979,19.08063599,-99,INSURANCE,4994.706606,27.26501173
